address,balance,tx_count,age_days,is_fraud
0xa6547302afcfdac92673823dee31098ab3577992,0.0,20,145.6301961306317,0
0x39F3E7fA18d342De467AD9d7065A46c8385589F7,0.0,2,1902.020756110778,1
0xf1e250F2a27ab7eC5B82B287F2799260448CD51D,0.02463232,8,3065.431130540084,1
0x3fb2472cf36c6143c82eac8b53ae362542a5db4b,0.009971115397929784,20,130.49103073795638,0
0xF902AA3a62F9E28878129E1A8f1EB71E4FD7a88C,0.006822011037124137,20,3100.8971796896694,1
0xa6B60dd3bE491aAfE5AbA8622b35C0eAd608D3FD,0.0,2,3010.1007797907846,1
0x7F85A82a2da50540412F6E526F1D00A0690a77B8,0.0,2,1901.9923875199947,1
0xB7c4A4341c0A03460B6ceC4fa997dD2D748Ce281,0.009943728,20,3024.8647593910055,1
0x45029af827c652f47b1f678456b2cd009647c8ad,0.0,6,2935.992457192129,1
0x0c6d80814ba227d3453b2f6e9b8beb17eb0b7e23,0.0,2,23.935096328402008,0
0xBa83e9Ce38b10522e3d6061A12779B7526839eda,0.001790658,20,3128.062098903504,1
0x762066096f33807fcad3b474a4da31a10d48bc2b,0.01,20,124.48486957395794,0
0x48d4c2d07b6468546f997447617c96f0220ff427,0.0,20,689.2615194560864,0
0xf9a5139E42c3ca13D5b24D23ab2B18C278805Dc4,0.0,5,3039.256073147547,1
0x4541c7745c82DF8c10bD4A58e28161534B353064,0.0,2,1902.0076453531478,1
0xF8E676094628776690DBf83fa31f08aA14FD3fb8,0.0,17,3065.278220697909,1
0x52b7c8857Be3853fA68e09D9Ba7a9ADf075040eA,0.0,20,3091.9442293116367,1
0x920aDc9A060cdA345fdEc2fdeBAd6EBF38eDf83D,0.0,11,3056.1962143417613,1
0xad35ed1cfe7c17c7b06c5c5d0672c57da4925299,0.7706678349831142,20,894.3182237830316,0
0x33F74739ce6bE3B2c38AF76F5aDB3866CB4784c4,0.20446443697780806,20,2993.3638584907876,1
0x858457daa7e087ad74cdeeceab8419079bc2ca03,0.05647398259797031,20,3120.4120874027494,1
0xe408bbd185720544c733888dfbefe48d1999879d,0.0,1,23.93628117201229,0
0xf580df45e8a416a9b6fb90e38ab76a28ae7decc8,0.0,3,23.938227856228195,0
0x733e239ed1e090a67ebefc4e76dc24e740e17991,0.017296620355064247,20,179.46804271003714,0
0xBc8b85b1515E45Fb2d74333310A1d37B879732c0,0.0,2,1901.9958282983966,1
0xb54cae21fd7ca5faedadb1d4f5bdec5718702828,1.5081476601499548,20,370.52263252563773,0
0x79e33df2625a776230f2dca09236e53f08c05b4b,0.0,20,884.0209323230496,0
0xF3Ae45D5A0B8EfB41444101267b56E6795051FaC,0.0,20,3027.3666949077337,1
0xabfe410c71c882ba90a2c260b822a7063428bd37,0.000108357868189996,20,697.1594766510058,0
0x30aa00125a6d72f6e05cbfc80393ae18d53bc9d8,0.012627683983954235,20,2958.767467771893,0
0x071cf579507DD0661845694F709E68CF7Ea506a4,0.0,0,0.0,1
0x80469dee2efebaaade844421a3887d257c7e136e,0.9364432982006531,20,88.48047715922196,0
0x902d0d5bb6a34307bbd1da33e61ae1654b6cbe1e,0.0,7,3005.3495678025124,1
0x4337017d2e3f5e4160a27f6fdbdc38719343c62f,0.16999908383419698,20,135.2974429811758,0
0x1dff77401aae82112a023a0929a43b5845917198,0.005140629144721949,17,255.97434914166453,0
0x1aef1E14108786e0B049f37758529d866cc3c7e6,0.0,0,0.0,1
0xBBF84F9b823c42896c9723C0BE4D5f5eDe257b52,0.0,2,1901.999638800185,1
0x33f6eE23eE223c4558a95bF4C0e9f5eD21e06319,0.0,0,0.0,1
0xfc6bb857d6a7d92923fe5012936448a03ff927af,0.0,20,1044.2437273891435,0
0x05E3650Bfc907Cc1b3C774F0c053C8B990ce1A4b,0.0,0,0.0,1
0xf4e40b3fcf1c2ee7a5b60a273d68bea921c9d35e,0.000888953475278401,20,998.9300006458246,0
0x1aef1E14108786e0B049f37758529d866cc3c7e6,0.0,0,0.0,1
0xB71dF0DbbB9754c1aa9115253F4eBb7EF3f8a57c,0.0,0,0.0,1
0x22374A2E9E19bcea56E64F9De3329670CD1a458c,0.0,0,0.0,1
0x1d434125f3b761482d0eb16e8528700ea2771925,0.0,20,389.7240019254276,0
0x8abe0a9b8A1C8a003354E61F3ed8befdeb7D2CEc,0.0,18,2773.2226579579656,1
0x3b0009071a0a9983e9aab537fd8c9ad478310aeb,0.0,20,3085.607485488093,1
0x732101354af9a6e5bb40024835a748958c091ded,31.86900028762076,20,83.25462555700982,0
0xaa8ba7d4611437141192e7ceced531bc0a133efb,24.821513894914585,20,139.78491978129856,0
0x42b50c571fa5767cf4bddda7cd0ad0e0ffa0fd56,1.272824448e-07,6,681.2302484459458,0
0xD9932453997ddF36fE114C9F22beBb9eE77b2921,0.0,3,3081.968329464346,1
0x379ce20c018fb6301c1872c429ec7270ffa4dc5b,0.002259064,9,3175.01741718178,1
0x3681828DA105fC3C44E212f6c3Dc51a0a5A6F5C6,0.0001,20,3085.222673472045,1
0x0a4392f623faf54de72cbf6f567e1a7808251cd3,0.0,6,2909.2908457626513,1
0x4e790c545478029d20816a7212c46adde058d63e,0.0,20,2828.6078239864883,1
0xdf967ff95cd5ff35a27786dbd906fbb9ded116af,0.0,4,2767.116798209882,1
0xb6dacbc69333ce7ec2b946e9574d74c5d4084050,0.009095966429370876,20,721.2651116780937,0
0x90a16ebcf1bc0da0347134f707da93c40bb8a4c5,0.0,1,2919.5410251225285,1
0xef57aa4b57587600fc209f345fe0a2687bc26985,0.0001,20,3047.540356669426,1
0xb844a070d916b95818f81db1ba29bed82f073929,0.2749922179745261,6,64.9133714456056,0
0x3B5744c7F340E0d2Dcf7A072A4c963B9a43c982B,0.0003476,20,2865.326596582838,1
0xe24f46070304690fb340db676af5991c8fbe270f,0.00010001629306,20,39.24228100737488,0
0x7e3d7D8E31b3F472FCD3C1552a9F009131C50C6C,0.0,20,3035.63184358822,1
0xd42c8fb8e7b7e75f8ef3e8d03662c85599d989fc,0.0,20,97.46669406432797,0
0x1f115debef0d2cbd1402680ea34cf4d562eeb81e,0.000516405840145562,20,1830.0759912102615,0
0x6D8A1BC0AE09aE5cFd4a7A2a59194598734CEea5,0.0,9,3014.9406102870626,1
0xe3fa479fc7eef782df3e332befa9d9fb8098afb9,2.1e-07,4,23.944720522132183,0
0x484aa220812a5ed3d1162686bc8592eb39276348,0.0,0,0.0,1
0x983bda798a24720bb4fe3dba287ec352e7b440fc,0.0,8,2527.1596761376054,1
0x55c4dfc965b911afee18a7d2d94a245b867395b6,0.0176168635187575,20,2892.928972411738,1
0x8d8d7ea4761e3c0a78652331a844a121a63ac2b3,1248.909216445315,20,134.30963270414483,0
0xa46311dc4d3bc52b66d45e74682042bb143a9aa3,0.0,8,2869.5635747806064,1
0xfE9B7DB8d9D57E9ad9341bCf51B110Ba5d27b48B,0.000170157013257,11,2788.5962794570983,1
0xf9fe85e19bd533c69067c6e2ff02727d40a54100,0.001677099961507,16,3135.052790353312,1
0x57d02550f47dd932d2fb84e0aa883c9d8d53c313,0.0,19,3068.1234081104703,1
0x60dd9c226bb216f3e0b03e0c0b76d94eae7530f7,0.01,20,124.48740095792546,0
0x88698a2ff09506596a88a1af9d103a420ba46a3e,0.0,4,3039.285098354767,1
0x15a99893dc47bfae5b06e9b4c8941aaca60f8af5,0.005160511681632541,15,2928.28237093814,1
0xD754B5Bf41B84Bcb49CB952F858318640aBC60E0,0.0,20,2940.695106151446,1
0x18ec1d727320cbed7c0c63cd655ade997b292c5e,0.0,20,2914.7334971752543,1
0xc915eC7f4CFD1C0A8Aba090F03BfaAb588aEF9B4,0.0,2,1901.98508986879,1
0x6e1378d1c2191d2768eb72c7901e161cb5aa53e9,0.2123587909410858,20,154.51467575096422,0
0xd313008f7bf059a756671b5a8aced6293daacebc,0.001127745397020331,20,172.77988562191527,0
0x3d53c172c5fa064fdaa5d7fb661fb4281fe05cf1,0.909267037315465,20,989.8644162872793,0
0xfb990112f51931a2834fcf574a860b7419ecd76f,0.004887,4,2858.604055098199,1
0x0458c1e2e137fede1d338d82e9b98f41ff87c843,1.2215383117017418,20,116.94400304443582,0
0x41ed843a086f44b8cb23decc8170c132bc257874,7.719992085660086,20,1021.8084933728007,0
0xaa1886de3f70a3ef502ea1379a311c5b4e05f3fd,0.0,20,3070.3310950614677,1
0x3681828DA105fC3C44E212f6c3Dc51a0a5A6F5C6,0.0001,20,3085.2225628888414,1
0x339d413ccefd986b1b3647a9cfa9cbbe70a30749,1.132717004758379,20,1402.2075498107463,0
0xf30ba13e4b04ce5dc4d254ae5fa95477800f0eb0,88469.54227869032,20,142.4779447361275,0
0xFBF6F29c126382cf15795bB209EE506a174cC709,0.0,20,3068.3741320078625,1
0x68B0e0Db7918C0211EA1fB78292a879839137DD0,0.0,20,3083.3151386897457,1
0xe8e80b3f3f4a78c555c8bae80cb44d92eb9fcb3c,0.26312072196386055,20,110.34201362624488,0
0x28c6c06298d514db089934071355e5743bf21d60,95978.95278783317,20,1742.6886456847162,0
0x14130D36B36887620c37A404f859D11e293ec06A,0.0,2,1902.0476887619661,1
0x09750ad360fdb7a2ee23669c4503c974d86d8694,3.3318562104134e-05,20,1898.4433033373014,1
0x316b3b83c33B20249B61DEd124F2620d8E823793,0.01,12,3004.340293847052,1
0xb79ecf53c7f35c5fcc9c9eed04e91bfcb513651a,0.0,20,38.21208325100166,0
0x4c609a7a90e0ff7f418124389c0bbc25879acdeb,0.0,20,240.27155285823676,0
0x710346ac432f80ef39cf27b1aed614b22cc4bb33,0.0,20,101.80369250831505,0
0xb23360ccdd9ed1b15d45e5d3824bb409c8d7c460,5799.660500769593,20,1583.2564381171348,0
0x4cdc1cba0aeb5539f2e0ba158281e67e0e54a9b1,0.013541267,2,3088.4144653788294,1
0x4Bf722014E54AeAB05fcF1519E6e4C0c3F742e43,0.0,20,3009.0418368316964,1
0x773cbc63f567d1cb421df7a06668867b6baff5b2,0.00045636873918128,9,144.10344930483512,0
0x0ae775637e63Fa95855246Fd82e96802D05883Fc,0.0,20,3005.1704600685257,1
0xaa0e9a1e2d2ccf2b867fda047bb5394bef1883e0,13.694064225552005,20,887.5615758490286,0
0xA35e3534917E471540345733B8f23e7bAd54681b,0.0,0,0.0,1
0xae53f838e9b2db9cde9bbcae0ae51b3d925f0bd4,1.642796442e-06,20,136.42534866963823,0
0x86dDF5b305B9081fB5208e903EDeB013510997cd,1.9207e-05,15,2848.5708752536057,1
0x9f4350c00156c52445f119a72005e8591af6cfd0,0.002126204777964272,5,39.22006391350594,0
0x6D8A1BC0AE09aE5cFd4a7A2a59194598734CEea5,0.0,9,3014.9406378481867,1
0xda657e9fa116900fab8178e5580a3a6cedd89f3c,0.0,20,3069.2669906540077,1
0xa726a64b66f4bd53c1c5e355cb635f7060834c04,0.6221099852489524,20,147.33347131977203,0
0x22764DE8f82F2D2a90e0cCCa4556A2a5114B6461,0.0,2,1902.057335712827,1
0xea7380369af53598a55b4622909cd9633e0ae7fa,0.0,0,0.0,1
0x17fb4a31b8a468cd5be0ea6e037781eb5f19643e,0.8795550439692092,20,540.0488092197091,0
0x19fb7020381fe9197bf841d5034D5467FE5a3C93,0.0,20,2656.718812152989,1
0xAF31bf4Fa017768E6426308Cf17E16d633700265,0.0,11,3024.2444049116857,1
0xD0cC2B24980CBCCA47EF755Da88B220a82291407,0.23245826714294687,20,3108.385063820462,1
0x143494359bBACC878308075C1c9FA05fcda96651,0.0,2,3045.8453300393594,1
0x7df62d9765907bb0b72a2ed8f46078dd34054257,2.51269616155e-07,20,58.77900777661966,0
0x6cF481C7090D88CA6F1Fa3C9FFD0911Ef5359808,8.498e-05,3,2777.6483043214403,1
0xdf8626254d07cf2b2e174f4e9509067418eefe7a,7.3857640220426e-05,17,1521.6961225563205,0
0x79d14553d6b3484f5612272b43c219a882415d33,20.935535162054645,20,50.24190206112133,0
0xb7718a86eac752a4803a049ff86dca6d8bd8cc2f,0.000638830740633485,20,827.0909945303588,0
0x57b818a1070373e21fcedf48d4368e1703c75852,0.0,2,3068.1636661439416,1
0xF193a9aFb00715AaCF7ca9Ebffafe02C77517C2E,0.0,20,2646.9866277485617,1
0x8385e4fb3a0d378b44e4c648e5657565a9beeb78,0.01,20,124.48793099406141,0
0x86d38dbde80fe6a947565967f41cf958cc271548,0.0,0,0.0,1
0x6782b57673d53ec0d035d7eddbdfe886d0c53d9d,2.23333604235e-05,6,23.962172295089673,0
0x8cF893F11f6037B14f0f827B9ed6AEef38931Fb4,0.008139,20,3039.3984160756736,1
0x08389B19ad52f0d983609ab785b3a43A0E90355F,0.000559,20,2883.032671204648,1
0x0Dcc89F3091d3EF66E00Fb595Ed0FaFEf4434192,0.0,0,0.0,1
0x893676c4A94F6EcdC33a18438BBdCfE9e6c68a9a,0.0,0,0.0,1
0x425f473795b15fae7310cfb3b4ba8e0bfeffc421,0.28014793341430366,20,1341.3960980553566,0
0x2315314c5Cadb895C2c9982b847FD6f6A32D6129,0.0,2,1902.038099446799,1
0x2268751eAFC860781074D25f4bD10DED480310B9,0.000384004558978207,20,3073.449787737167,1
0xBC83D48Dd0cd9c3F47Bab6436DeFeB334B563f4C,3.3e-05,14,2863.430826199466,1
0x05Dd62c007CDe143B402fA5Da3937C40c70b4B14,0.0,20,3039.5260973175727,1
0x3c1b69b62fa0905838923578b45a1c6c42159820,0.0,20,434.29344179017676,0
0x4423b4d5174dd6fca701c053bf48faeaaaee59f0,0.5322848798435228,9,3107.479066984496,1
0x4Bf722014E54AeAB05fcF1519E6e4C0c3F742e43,0.0,20,3009.041642355618,1
0xbcc6c0fef89b87a12773db7a9a8ecbccccdb7aff,0.0,20,3043.1212651243445,1
0xb5879bf4a37c6ed9d86a6f2d8aab7939b21687cd,0.0014358,9,2877.031362375548,1
0xEeD7072FCF46733833249D1E979c44fE4F2a23a2,0.0,0,0.0,1
0xD5cE086A9d4987Adf088889A520De98299E10bb5,0.0,2,1902.0034729316142,1
0x2edecb91091324e0138ebbbaed48ce1b2a050428,0.0584371509414489,20,169.27281618132085,0
0xa22f1ac02b5fc04f2e355c30aebfd82a7465b250,0.12737757493903631,20,1934.9128225248003,0
0xfb6E71e0800BcCC0db8a9Cf326fe3213CA1A0EA0,1.00004,10,2782.5485526222624,1
0xa2fd33d32d6e6edf8f78b593df450d1588c4aa22,0.0,2,23.93498407214604,0
0x43f030a549f780d1af59a782eaadce4dec7ba183,0.0,2,2868.5968218474864,1
0x016606acc6b0cfe537acc221e3bf1bb44b4049ee,36.6104143054642,20,1341.4051353131124,0
0x300d4fbdb7ef38488eb9338982686e04ba426715,0.0,0,0.0,1
0x89C98CC6D9917B615257e5704e83906402f0f91f,0.0,20,3091.870597855962,1
0xd462ebe3ebf1595835b72e7aedf278e570dfe732,0.0,20,348.2045487251105,0
0x7613a475b7fE61775f579Bc148300C8171EcCaE9,0.0,0,0.0,1
0xac27ef97191a4f4eac99abc0170866a2b28677bb,0.008758279418624075,20,802.8539996330882,0
0x43605d68015b0a4df59e20afc77c9413665eb8dd,1.3448656155020902,20,518.2203942973553,0
0x8c38a4e5104a2925d9e23d5f269afd1c2e09b8f9,0.0,16,2883.5038793178014,1
0x16a119940587526e6d6584017fe36737f4f7f38b,272.0224655191355,11,82.01802446793074,0
0x7c57981AF4cee87567774B53F9da1bFCeb8B944b,0.0,3,3006.2616179808947,1
0x2A7D04018D7295D8069Ec9721eE415c4Bdc57909,0.0,0,0.0,1
0x6834d3096793d0731348f1581ae1b20c9b79e26a,0.0,6,2872.0163957371674,1
0x42A777E0F24390E7ed461a7AF325526e53ac57d9,0.00025262,3,2785.6601935410804,1
0xd055610c2d5151aDb3eaF994e08aBe45DeE936E0,0.0,0,0.0,1
0x72b59c7ff61130f4923e2da6af27d562dd64191c,0.0,0,0.0,1
0x9c20958d7d1d43d3679bf2243af9177f75774626,0.0,16,685.8961665019034,0
0x801D03f4d053242aFbc2949c141BAB4270Ca6707,0.0,0,0.0,1
0x1b42BF30CD988Ad20500cE47ccE52098576Ec2a2,0.0,2,3020.4357346735424,1
0x5b14303d133bee54178121baca9626377dd83227,0.01,20,124.48665496707791,0
0x458c2a06ba8dc3def078513ad98e9da8ced39e02,3.4231102415923127,20,511.4601491429657,0
0xecb6ffaC05D8b4660b99B475B359FE454c77D153,0.0,2,1901.988437594537,1
0x6506827D91659e871fc7267160ba1C3407195270,0.0,20,3066.0023656247886,1
0xCbCD4b518890429C0Ffef3d782eD99b3ADFF009b,0.0,20,3063.4977809361562,1
0x00e01a648ff41346cdeb873182383333d2184dd1,0.24222868506637338,20,3116.2523972075514,1
0x91d40e4818f4d4c57b4578d9eca6afc92ac8debe,122.90112340180673,20,338.378817259145,0
0xa465fc3e6bfc215aaece5e43035ac740ebe9d220,3.527524875e-07,20,335.633910678385,0
0x101c55c14bbde713d4c718b67256133bac8126c6,0.0,0,0.0,1
0x943DB403251105195F56cE69c7c48A6320475AB1,1.0745e-05,4,3006.048214063291,1
0x8b5606469e21c75edd7c74d1c7a65824675d9aff,1.0356559141772315,20,240.22713550637442,0
0xcdd1c19dcc3f473eaef6edb0a28e1e796d6e1767,0.0,20,3129.6663387682784,1
0xB4c9d8A5812a024BDb177991af256dA144776033,0.0,0,0.0,1
0xa2a6ceadcb7db611f618ebabfe6de5763953b7c7,0.0,0,0.0,1
0x1190a8d330e8c2d477c1e407b16ccd2a03214e52,0.0,20,24.070864861121883,0
0x46340b20830761efd32832a74d7169b29feb9758,37467.44933873121,20,2610.3988624735425,0
0x30ec8aea2ab3d5000da703912193294a81430cc8,0.006771648066959219,20,313.3077344190826,0
0xe4fa5149306b12d51dc0d04e5e95bc9704ccaad7,0.0,20,3100.2946856662275,1
0x3518e840cdef3a2979b7b5bce43d150687439733,0.03382758930239033,20,90.67050319796911,0
0x8cF893F11f6037B14f0f827B9ed6AEef38931Fb4,0.008139,20,3039.398254001011,1
0x9ae6b9a7713f07fe58fb27bf2a4e35dcaf5dc515,0.0,20,26.500717102010494,0
0x181c71726f12ce2514e8b93019eb22645a79f966,0.0,20,2935.1931940485756,1
0x3810bd434103f1d0618b909ba14e4d2d707d79f7,0.000611544629484039,2,2890.3830827566762,1
0xd4f69d02ef082f612558588d103994a7e3cf29c9,0.011395901617181231,20,1027.6467423260185,0
0x01929012b6f7cea8b1d94e8fa662e91c12749e72,0.0,20,31.493650952867334,0
0xc8ce1c3ac9549d479a90a6a89155b9b94e54d9ba,0.0,0,0.0,1
0xBa83e9Ce38b10522e3d6061A12779B7526839eda,0.001790658,20,3128.062072504775,1
0x56f0e244ea07e894170731285daf8cf4864e368e,0.015954613753272034,9,2891.3187957926343,1
0x01f32761539cfe682f202448088747891e8a263a,0.0,20,1141.7654619901102,0
0x2f77f4523a13138b472Ac6fAeF624ccE68DA2c46,0.0,2,1902.0444392405561,1
0xbea55f0f48d8ebb64610beea711e6988eea34b5e,0.001659633801080466,20,1725.8161049714822,0
0x974caa59e49682cda0ad2bbe82983419a2ecc400,7990.221152773843,20,1263.9791561637514,0
0xa153a6eF80fb5d60de18688bdC82684d48FC8De1,0.0,9,2649.8851523647236,1
0xd7062d034214d324bbe1650de93468d8f429acab,8.1399900135494e-05,20,168.18856530307067,0
0x0e3e59824b920e63911eadbb49d714ce90376a6f,0.824165986557368,20,840.4138900975965,0
0x604d23a2ebb002df6fdc77b82da716222ca43b8b,6.835111722742774,20,916.6351001693446,0
0x828d76e33b9db71538b167a1e3cc988ba9ac4b22,36.38383201404219,20,78.56062378546706,0
0xf0cdac24ee738fac3f9dee440361b4e7deb86302,0.00044676366132316,11,291.45853271035685,0
0x0e183f1d7286cc260761d15fc07514a39b5a36c2,1.549546241736054,20,97.0550384591713,0
0x2602b94c131233e0d432d93af72ae9a1a1a76937,0.006837048980451028,20,197.6756995652202,0
0x4999924fD714092FE92cA9A792a8549f798c1Dc2,0.0,0,0.0,1
0x68a91eba9c82b475091077e16357bb2dded479f4,3.4e-05,4,2853.4023212212464,1
0xa5bce6aa7fbbc6accc5befad4b66aab7b4aceced,0.0,20,1043.3582456469785,0
0xfe0c760cbcb9da239b9ba805f0aeaed3be84f65a,1.1117951126872374,20,1166.5225495317661,0
0x559432e18b281731c054cd703d4b49872be4ed53,60.884033778911565,20,338.37884465541003,0
0x05738c8841be3b401846aa8b19734e2402387c44,0.0,20,239.07626847099928,0
0xdd281b8dd78b94daf8bfb91af376601cfbb4efb8,0.0,20,31.49362458511359,0
0x0e04298d9eaffaf538fe04b4cd525b6d1b64c3ca,0.0,0,0.0,1
0xef6805af393c34fe772f8d827a5d26685215612a,0.0,3,3022.294082433283,1
0x44A7fF01f7d38c73530C279e19d31527Bdcf8c78,0.0,20,3072.4250494852,1
0xedf202629bb7e9f72d4c62c325d198513fa7a3d3,0.091071774,4,3127.341271939573,1
0xc066ac5d385419b1a8c43a0e146fa439837a8b8c,9.18460456538005,20,450.309271566109,0
0x35ad1cb9a39de486cebcce3cf51661fd6c848193,0.0,4,2882.289810171897,1
0xbca6294a6c80ee0f20173547b8d85d4948a0cb39,0.00091549326374392,20,2861.6807597245,1
0x9A95f2Ca24d1dCb01048E0623f63F9D174237dEb,0.0,2,3014.1201918152333,1
0x71108Be9C232722Dd6839A6fbaD171cf44d3FfAf,0.0,0,0.0,1
0x84f789f7c5a0d60bff758c6a0e01bcbe96741c7c,0.0,18,24.464344855053007,0
0x4a0d27a1044dd871a93275de5109e5f5efc4d46e,0.0,20,3095.076887573139,1
0x00e01A648Ff41346CDeB873182383333D2184dd1,0.24222868506637338,20,3116.2521309033477,1
0x8A46Aa04725b2E2029bdCb924D671Fd6a9c11daB,0.0,20,3009.5723603539723,1
0x8c8d7c46219d9205f056f28fee5950ad564d7465,114.50297555759673,20,1696.60591226301,0
0xe24897a4dff0e589f78414dfa6dee349d04b6df0,0.004993535447876192,20,123.48720785190937,0
0xc4b51a247514901faf1b6b1da9f0836066e64407,1e-05,1,3065.0097752700276,1
0xf5213a6a2f0890321712520b8048d9886c1a9900,128.17530891943363,20,993.6885561181688,0
0xaa9dbc3f333014ef8290cea2c3b4ee51a7372547,0.0,1,23.936229180762613,0
0xbc60577bd7e2119d7750b353a84682d780087272,1.1847852711305449,20,176.09396036212644,0
0x4976a4a02f38326660d17bf34b431dc6e2eb2327,17696.49566021395,20,1602.6216712142223,0
0x1c2FB401D3Dc4fd8131ccFc4589F281D58921402,0.0,0,0.0,1
0x91bfa6747b342a89c9cf1baba9423a47ea9f6e41,0.0,20,26.49890130293038,0
0xe344e4b209e8eabaa2a6ddd1b0aa120b7599af25,0.0,20,2869.495322328795,1
0x0ceb71749c0e5e5ec5f4541fc4f7b958b9d63bbb,0.000995232448121236,20,1617.7277202835928,0
0x061143c22bebb4be870747411a7f53beaa1c4b40,0.01681074,20,258.38979934153457,0
0x2056d2e97cc9ad78cf527b382495a8b9704ce011,0.0001432676560188,17,2896.6345402606216,1
0x52bdb8b7197a007d5aa50194342bd178b84860ac,0.002934718045678623,20,511.5067010941991,0
0xb5414bace31e26688def448c6de3f8681266ac15,0.04674910554166276,20,192.4364894319905,0
0x49915a20a62a75cbc6602cb144c622588f4ac439,4.02609322835e-06,2,23.938106035628806,0
0x109e89ebaea9a1d49409e32f9308e94c9368177b,0.000524761889942472,11,25.756941781998783,0
0x86c3769ed737c5731c938a34abffca6eb602361a,3.2127746569535e-05,20,151.98714609230834,0
0xe4faeef4002c200d9d4f1d381ccb5fb679d1c437,0.0,12,2814.906450799756,1
0xdb21509547c82b69e714bf3a761e6d64f0f91cd0,0.0,20,2893.926578942297,1
0x8afaacdfaab4a6938a2da1705a6a2679bfc74e63,0.1369365883816718,20,598.2356523009638,0
0x7CBC4E0D168744912C5Afc081499145BBDc51e69,0.00474,20,3069.32441373505,1
0x66020473a45a3cfebcaf42f7d07aac819df639d4,0.005233393179897521,15,64.36958553423484,0
0x1c727a55ea3c11b0ab7d3a361fe0f3c47ce6de5d,4195.020405044538,20,1455.4973202669373,0
0x6D0b90eA2951ca5ad3ABdb606e4146e9765f1ee4,0.0,20,2952.876090253398,1
0x3e5ed0c46bb2431a37d9693a8334ad3a986e5452,0.00999900135025,20,133.2691152591755,0
0x5d3f32f4b2e99fb79d2f6a1cbf3aa7390f8fc751,0.0,20,3060.4432819599797,1
0x1259d53e741946a988ccbf44b21add935b3d1691,0.09998960983214619,20,42.7494161249642,0
0x95051da35b08a04f33aca530cd95a74b0fd3bc81,0.0,20,49.02869823915263,0
0x64bd83be58924106695ca923b159cbebb20628bd,1.197005419346827,20,414.12811658573924,0
0x5D840DB230c397AcC22ab28053d1a1fF7f14583E,0.0,0,0.0,1
0x4e556877e96fdf3bef67c81ef72e20ab29a9aebf,0.0,11,2870.202001363555,1
0x9c31ab0895a1d6d43fcf95bc67403f9973efa618,0.005610490620063511,20,49.325918219125384,0
0xEeF2a09be2A136bBa76F04CF056E36947DBf0b0C,0.0,0,0.0,1
0x15f4a5d5bbc071fc20bd60b9b7d81aaa8a1142ab,1e-06,7,2910.22808828674,1
0x2b065809f6ec6df32878bcd26711a0e2bcf59c26,0.0,20,3129.667573627893,1
0xfbfd2db5342a237319fcea648eeab82896581838,0.0,20,24.231316591142505,0
0x4ac7250ddf82df83bff5cb3ab6bcab3c07cfb8fa,4.587932477729546,20,259.8120977425575,0
0xd3d7c71e4c5b1ff2f42fbb9b4a21f3373aa8b3b0,0.0,5,3024.3579994512847,1
0xadab9c78e6ffb65b4e4827fe83aba9d84260b2e5,0.9828172341071467,20,345.4957294487788,0
0x05a94a8dd7eb1ba5b1114cc5ef18855a221ac317,0.9560430282790646,20,735.0920328224037,0
0x651641299c7ec0aa44ad7ed9b7e12702fed2022f,42.77382618868413,20,225.585195525192,0
0xd437f3372f3add2c2bc3245e6bd6f9c202e61bb3,1.3658868973279228,20,204.2667759711047,0
0xa2896b45f8bD313B777F1027724da1b5F2205A58,0.0,0,0.0,1
0x5ddD20aC4bACFf3f148aF4C8C24194a1C102CfE5,1e-15,1,1364.8620186078465,1
0x7C203685291149D5dAd4308781F42A6B945dF4E1,0.0,0,0.0,1
0x64c5971dd27ff063ee4bc5e4c231febd9fc228cd,0.0,0,0.0,1
0x3853ba76ec6ae97818e2d0e0839c9eda6c396690,0.24405543576721117,20,3047.077372014608,1
0xc28F50625CfE028Ab1A3458C7cEbCf9657Ff1438,0.0,2,1902.0514707076109,1
0x6B5C35d525D2d94c68Ab5c5AF9729092fc8771Dd,0.0,2,1902.0061724475356,1
0x29e225d888cf11c5e67613bffd30bcf071eb3d4a,0.0,20,2970.627940789221,1
0x82fab289311422664a26864322bf88eabf5b4131,1.38900039377728,20,894.3173046946719,0
0xab0771e21a6f7f8659a1ee3ecd0c4b17f6815eed,0.002182280446036427,20,56.95112965353109,0
0xfbc79A80ffA84253611e8f9A82F18e9E93Ceee81,0.0,2,3003.568764628409,1
0x06cef7413526b3023c0b2a6c4e4caa3612e9ac16,0.0808147974086152,20,294.34778823428405,0
0xceddcbf7aa64f490bf0e1b5e1d03380326e780b3,4.150747828632536,20,135.51433447090287,0
0xbe3364dfb8158A3e452FF96AEb247BF3f5F019B5,0.00958,8,3059.1487138435136,1
0x9941241fb469024a5cc9cb94db1e5866a70694b9,0.011705537771656394,20,1625.2178184807494,0
0x3639b8B8edA816B2cb62b65159A183972a3cf863,0.0,11,3024.453954682731,1
0xa5269a0622853d87f8c63b6cc23bfbeefe35f1f7,0.0,20,25.400274670212358,0
0x73bb594368ddB778972C6f30b41437C897419C37,0.0,1,2801.5155172353902,1
0xd48852cfb943fa96241ef18f22691032187732fa,0.0,20,26.61845580458089,0
0xc5969b5ddbea7c9e2218784c9ca4cd24d09aefed,0.0,10,33.92146170788341,0
0x1de23F02E185fDc4f6BACc98D6c6419370E38538,0.0,20,3072.7261538595485,1
0x1E67F055367bcBCe045E1211F09355Eb7411236F,0.0,4,3004.3974300981977,1
0x259EFb559a5D9ed64ccF44Bd5188b325DC4738c8,0.0,2,2838.664611872879,1
0x1dbe883eb1ebcd93cb1c7cd217e9441315395401,0.021443767680130357,20,160.39117680999968,0
0x9bae7d6e28953fad8035cc117e4d105f864169da,0.01,20,124.48607377808403,0
0xdA657E9Fa116900fAB8178E5580a3a6CEDd89F3C,0.0,20,3069.2670723891783,1
0xcc02b920ae227f1be7d01fc241c27e5f74d40436,0.0,4,2655.9384367815296,1
0xf73EF0650415656B51Be39bD5D37CF5cE03f4033,0.00706814,3,3127.298548826633,1
0x2903e9f1d81fac8ccc313b5b496f2db7db6750b6,0.0,6,2891.1656213170127,1
0x099ac034a3bf450824c5b57eec47db0c3f11ffeb,0.0,20,26.258817685801123,0
0x7a18cfc4a36e48163034e51a9ed19d4bdea05f6f,0.0,6,3059.47750298119,1
0x4114FB8B1879f61b18f7d2E623569a847a03e15A,0.0,20,2834.340347615787,1
0xe156919b398b19365ff5d272de6715265e81dbae,0.0,20,24.070837348106284,0
0x3d5d60bb3b8f35688ac0585b9fea65d07d8d0968,0.01,20,124.48428829653119,0
0x1e80dad60d19fb8159af3f440a8ceaa0e5581847,0.0,20,3090.001488845627,1
0x7cfd37e9dc8f27bb78c497f8ca2a249701832dab,0.5571795810382172,20,754.6016648658365,0
0x379ce20c018fb6301c1872c429ec7270ffa4dc5b,0.002259064,9,3175.0171519041473,1
0x8651e8e218597e781E9a6D8CEB53ec5A236Ae75b,0.0,2,1902.0290398439627,1
0x0a00Fb2e074Ffaaf6c561164C6458b5C448120FC,0.0,2,1902.0132850854072,1
0x376059854cc6de8d1cc0fcb244699acde310670e,0.000876058394566213,20,65.60079013422131,0
0x55dcca45429c2244ee19ff0e4a28d22c5b565a4c,0.00276846659724742,20,388.0422284937981,0
0x4Bf722014E54AeAB05fcF1519E6e4C0c3F742e43,0.0,20,3009.0410658276714,1
0x03f034Fb47965123ea4148e3147E2cfdC5B1f7a5,0.00179703235753823,20,2843.804533306741,1
0xc16157e00b1bff1522c6f01246b4fb621da048d0,20.384640776201095,20,1752.3407716754687,0
0x2f80A6700e4bea478aC027F019f04A78a7538D06,0.0,2,1902.0266237330436,1
0x42ff5fff0e369ef6880875efcacb3b7c77974abc,0.0,0,0.0,1
0x3247f6b66f24f672eacf52080e0381fa45deb307,9.587328681719464,20,862.38310453328,0
0xdc0d72f12fbcd591015faaf507ce315b894d8173,2.312301138e-06,20,643.9515091759877,0
0x80e3c38db06e0971a9e2d2b742ba6ac465f2e13e,0.0,2,23.93501175552055,0
0x6d0b90ea2951ca5ad3abdb606e4146e9765f1ee4,0.0,20,2952.8760359278185,1
0x5c75278d6c0ce0531746fbd811df421f3695d47b,0.05594439992111756,20,399.68030466450585,0
0x8f8b72da75cdcf6931563f6d6832fd65bf5186d7,0.7780026945043711,20,176.0911175557502,0
0x37c81cc9ff71d0f97849a947bf22e8e529b72230,0.11353063071019481,20,3030.045002746408,1
0x5e0f56a3e977318b69303c12369b2a797dfa2b0b,0.0,20,2924.4831618925737,1
0x04c9aa075de60ba3bb7f8c9ef157b5453b76cd91,0.000450352152912271,20,133.48932044557674,0
0x2743f69c433101a5d833e13428ab1252498ed574,0.000153204469830708,3,136.39475837069529,0
0xda1cC010259496d407a764c381D0E82182D68D89,0.0,2,3007.0422367455617,1
0x6fcf42fcd9c6a54b64d1b52083700142952a2805,0.0,12,3116.9836171844768,1
0x52005B77fbEBf53cfD9527A388f58d0431AaaA3e,0.0,20,3004.4657707505894,1
0x685445fE51B31790538890A6468851AfbF7a0519,0.0,20,3077.773149289304,1
0xdbbe3d8c2d2b22a2611c5a94a9a12c2fcd49eb29,3.917955359451479,20,615.1806775058612,0
0x8dcdb7fc9f541825ba57fb47d5204317fc609590,0.0,2,3022.4099210943973,1
0x1086fEeb031e45e8FCD770662Aa8302d7C23ba1F,0.08671383159735947,20,3087.255610419934,1
0x5bc989f38ec9b913b0fbd8b702858214d428a1bd,0.000140030432365416,15,2883.2528142952947,1
0x99d16dd8d5fc09709b80df63f93c28ef0a472caa,0.1645573141301109,20,152.52661162759694,0
0xdfaa75323fb721e5f29d43859390f62cc4b600b8,810.6478140544123,20,1098.6922213504242,0
0x2828a6c7942b1bab8c150e1a9dedf18e74f18c78,0.009176629345313481,6,23.93859457294146,0
0x62404BFB3e1c464f17e3AF0c139e39D0703ae4A1,0.0,20,3022.8018183381637,1
0x439cB5628e64677c540A8635c86e41D83C1170d5,0.0,2,1902.0245204097778,1
0xae45a8240147e6179ec7c9f92c5a18f9a97b3fca,9.362158318570428,20,2610.4020767794577,0
0x6abfb0e1e1b392424a68fb2a4fc6b92c476104e3,0.000716898369857002,20,344.1790179494906,0
0x0dac7a548551dd2e0f7293005f14f9261d7e0196,0.00104025,10,2893.279836887444,1
0x03d9c4e0840626354d395c01ad5514fede8c7f8c,0.9799221105175634,20,840.3994167884853,0
0xbeEbe66b6A511dD2acCBfF7F258554dbe97f1294,0.0,20,2928.9316656786204,1
0x5e1f903c2435c3fae95c6d63c968bb67c1241b8a,0.3396351788057163,20,28.678906512359777,0
0x3c9b5f5c94d0498c10708c3bf3bc849c26d4445f,0.011864017819645587,20,89.76634148724654,0
0x8369F6723C4792b41d4AF4190662269431Ee5B0b,0.0,18,3066.839422442938,1
0x3AA65f17cdE339dF49AFd2F88B3C8495842D5FB0,0.000153,11,3026.8683314025952,1
0x64f3502c4b6b7e7f106e7ab1f175a4e2c2fde45f,0.0,20,2946.9565493909713,1
0x8aca5e48f96d2b55926d4c39227ed3e4bbf91e3b,0.004965771035628382,20,1929.7462348845131,0
0xa6b748b3c99f0f1d33da34621b3fe4f0f2d753d7,0.01,20,124.48548265267577,0
0x3c3b85b2ae785a8cc16c3d4df12cb27c6983dff5,0.0,8,2879.6313225854547,1
0x3A3999e6501e2a36dD3C0B8Fc2Bd165fc4a22e54,0.0,2,1902.016806667069,1
0xa84dbb8970d390fba67c6de1b995ee9169b7228f,0.000297422188223966,20,46.2624604161332,0
0x89c98cc6d9917b615257e5704e83906402f0f91f,0.0,20,3091.8707092310487,1
0x40dc31da1209e963d59cac8221bb542382788738,1.800972928814037,20,376.7320176065989,0
0xF0Fc2d4d550253d8C165C599E0cCCf221c7eb7b5,0.0,3,3004.4356378619264,1
